{"App Name": "Keyboard Designer", "App Website": "www.keyboarddesigner.com", "DateTime": "2022-02-17 15:57:31", "Description": ":florshed:", "Designs": [{"Name":"toki pona Unicode","Type":0,"ID":"43a7b472-804e-4d59-ae85-1eeb75d00d99","JDID":0,"Rows":5,"BSpa":85,"HiPo":29,"HiLa":33,"STPe":100,"STTi":250,"DHol":210,"FoSi":62,"KWPe":0,"SSFS":50,"RCoP":100,"CoBa":"#22222C","CoPo":"#282A36","CoUn":"#F44336","KSKe":{"Back":"#282A36","Fore":"#F8F8F2","SubF":"#D8A070"},"KSPo":{"Back":"#6272A4","Fore":"#D8A070","SubF":"#A17D70"},"KSMa":{"Back":"#D8A070","Fore":"#22222C","SubF":"#22222C"},"Magn":{"Heig":100,"WiCh":100,"WiCu":50,"WiBo":8,"FoSi":100,"Usag":2,"CuCu":"#DC0A28","FChU":0,"FChD":0,"FCuU":0,"FCuD":0},"WoBa":{"Posi":0,"Heig":100,"FoSi":100,"SeWi":100,"LaSi":100,"TeNO":"#FF4444","TeMi":"#4444FF","LaOK":"#44FF44","LaNO":"#FF4444","LaTe":"#FFFFFF","AKLa":{"PRNO":{"Type":2}},"AKSu":{"PROK":{"Type":3},"PRNO":{"Type":3},"DOOK":{"Type":4},"DONO":{"Type":4}},"AKCu":{"Keys":[]},"Sett":"0|0|1|1"},"Modes":[{"Name":"Base","JMID":0,"PoTe":true,"LaTe":true},{"Name":"ale","JMID":1},{"Name":"en","JMID":2},{"Name":"ike","JMID":3},{"Name":"jan","JMID":4},{"Name":"kama","JMID":5},{"Name":"la","JMID":6},{"Name":"ma","JMID":7},{"Name":"nimi","JMID":8},{"Name":"o","JMID":9},{"Name":"pi","JMID":10},{"Name":"sina","JMID":11},{"Name":"tawa","JMID":12},{"Name":"utala","JMID":13},{"Name":"wile","JMID":14},{"Name":"nanpa","JMID":15}],"Keys":[{"ColN":0,"RowN":0,"Colo":{"Back":"#D8A070","Fore":"#222222","SubF":"#222222"},"SuTy":100,"FuPr":[{"JMID":14,"SAsO":false,"Symb":"5#F1900","Outp":"5#F1900"},{"JMID":10,"SAsO":false,"Symb":"5#F1900","Outp":"5#F1900"},{"JMID":15,"SAsO":false,"Symb":"5#F1900","Outp":"5#F1900"},{"JMID":0,"SAsO":false,"Symb":"5#F1900","Outp":"5#F1900"},{"JMID":5,"SAsO":false,"Symb":"5#F1900","Outp":"5#F1900"},{"JMID":8,"SAsO":false,"Symb":"5#F1900","Outp":"5#F1900"},{"JMID":9,"SAsO":false,"Symb":"5#F1900","Outp":"5#F1900"},{"JMID":1,"SAsO":false,"Symb":"5#F1900","Outp":"5#F1900"},{"JMID":13,"SAsO":false,"Symb":"5#F1900","Outp":"5#F1900"},{"JMID":7,"SAsO":false,"Symb":"5#F1900","Outp":"5#F1900"},{"JMID":4,"SAsO":false,"Symb":"5#F1900","Outp":"5#F1900"},{"JMID":6,"SAsO":false,"Symb":"5#F1900","Outp":"5#F1900"},{"JMID":2,"SAsO":false,"Symb":"5#F1900","Outp":"5#F1900"},{"JMID":11,"SAsO":false,"Symb":"5#F1900","Outp":"5#F1900"},{"JMID":3,"SAsO":false,"Symb":"5#F1900","Outp":"5#F1900"},{"JMID":12,"SAsO":false,"Symb":"5#F1900","Outp":"5#F1900"}]},{"ColN":1,"RowN":0,"Colo":{"Back":"#D8A070","Fore":"#222222","SubF":"#222222"},"SuTy":100,"FuPr":[{"JMID":14,"SyOu":"5#F1902"},{"JMID":10,"SyOu":"5#F1902"},{"JMID":15,"SyOu":"5#F1902"},{"JMID":0,"SyOu":"5#F1902"},{"JMID":5,"SyOu":"5#F1902"},{"JMID":8,"SyOu":"5#F1902"},{"JMID":9,"SyOu":"5#F1902"},{"JMID":1,"SyOu":"5#F1902"},{"JMID":13,"SyOu":"5#F1902"},{"JMID":7,"SyOu":"5#F1902"},{"JMID":4,"SyOu":"5#F1902"},{"JMID":6,"SyOu":"5#F1902"},{"JMID":2,"SyOu":"5#F1902"},{"JMID":11,"SyOu":"5#F1902"},{"JMID":3,"SyOu":"5#F1902"},{"JMID":12,"SyOu":"5#F1902"}]},{"ColN":2,"RowN":0,"FuPr":[{"JMID":11,"SyOu":"5#F1964"},{"JMID":10,"SyOu":"5#F1955"},{"JMID":15,"SyOu":"5#F1973"},{"JMID":5,"SyOu":"5#F191E"},{"JMID":0,"FTyp":0},{"JMID":7,"SyOu":"5#F193B"},{"JMID":6,"SyOu":"5#F192E"},{"JMID":2,"FTyp":0}]},{"ColN":3,"RowN":0,"FuPr":[{"JMID":11,"SyOu":"5#F1965"},{"JMID":15,"SyOu":"5#F196E"},{"JMID":5,"SyOu":"5#F191F"},{"JMID":0,"FTyp":0},{"JMID":1,"FTyp":0},{"JMID":7,"SyOu":"5#F193C"},{"JMID":6,"SyOu":"5#F192F"}]},{"ColN":4,"RowN":0,"FuPr":[{"JMID":11,"SyOu":"5#F1966"},{"JMID":15,"SyOu":"5#F193C"},{"JMID":5,"SyOu":"5#F1920"},{"JMID":0,"FTyp":0},{"JMID":1,"FTyp":0},{"JMID":7,"FTyp":0},{"JMID":6,"FTyp":0}]},{"ColN":5,"RowN":0,"FuPr":[{"JMID":11,"FTyp":0},{"JMID":10,"FTyp":0},{"JMID":15,"SyOu":"5#F1904"},{"JMID":5,"FTyp":0},{"JMID":0,"FTyp":0},{"JMID":1,"FTyp":0},{"JMID":12,"FTyp":0}]},{"ColN":6,"RowN":0,"FuPr":[{"JMID":14,"FTyp":16,"Symb":"21DB","Outp":"21DB","SyNe":"2192","SyLi":"23CE","SySa":"2315","SySe":"21E8"},{"JMID":10,"FTyp":16,"Symb":"21DB","Outp":"21DB","SyNe":"2192","SyLi":"23CE","SySa":"2315","SySe":"21E8"},{"JMID":15,"FTyp":16,"Symb":"21DB","Outp":"21DB","SyNe":"2192","SyLi":"23CE","SySa":"2315","SySe":"21E8"},{"JMID":0,"FTyp":16,"Symb":"21DB","Outp":"21DB","SyNe":"2192","SyLi":"23CE","SySa":"2315","SySe":"21E8"},{"JMID":5,"FTyp":16,"Symb":"21DB","Outp":"21DB","SyNe":"2192","SyLi":"23CE","SySa":"2315","SySe":"21E8"},{"JMID":8,"FTyp":16,"Symb":"21DB","Outp":"21DB","SyNe":"2192","SyLi":"23CE","SySa":"2315","SySe":"21E8"},{"JMID":9,"FTyp":16,"Symb":"21DB","Outp":"21DB","SyNe":"2192","SyLi":"23CE","SySa":"2315","SySe":"21E8"},{"JMID":1,"FTyp":16,"Symb":"21DB","Outp":"21DB","SyNe":"2192","SyLi":"23CE","SySa":"2315","SySe":"21E8"},{"JMID":13,"FTyp":16,"Symb":"21DB","Outp":"21DB","SyNe":"2192","SyLi":"23CE","SySa":"2315","SySe":"21E8"},{"JMID":7,"FTyp":16,"Symb":"21DB","Outp":"21DB","SyNe":"2192","SyLi":"23CE","SySa":"2315","SySe":"21E8"},{"JMID":4,"FTyp":16,"Symb":"21DB","Outp":"21DB","SyNe":"2192","SyLi":"23CE","SySa":"2315","SySe":"21E8"},{"JMID":6,"FTyp":16,"Symb":"21DB","Outp":"21DB","SyNe":"2192","SyLi":"23CE","SySa":"2315","SySe":"21E8"},{"JMID":2,"FTyp":16,"Symb":"21DB","Outp":"21DB","SyNe":"2192","SyLi":"23CE","SySa":"2315","SySe":"21E8"},{"JMID":11,"FTyp":16,"Symb":"21DB","Outp":"21DB","SyNe":"2192","SyLi":"23CE","SySa":"2315","SySe":"21E8"},{"JMID":3,"FTyp":16,"Symb":"21DB","Outp":"21DB","SyNe":"2192","SyLi":"23CE","SySa":"2315","SySe":"21E8"},{"JMID":12,"FTyp":16,"Symb":"21DB","Outp":"21DB","SyNe":"2192","SyLi":"23CE","SySa":"2315","SySe":"21E8"}],"FuHo":[{"JMID":14,"SyOu":"0020"},{"JMID":10,"SyOu":"0020"},{"JMID":15,"SyOu":"0020"},{"JMID":0,"SyOu":"0020"},{"JMID":5,"SyOu":"0020"},{"JMID":8,"SyOu":"0020"},{"JMID":9,"SyOu":"0020"},{"JMID":1,"SyOu":"0020"},{"JMID":13,"SyOu":"0020"},{"JMID":7,"SyOu":"0020"},{"JMID":4,"SyOu":"0020"},{"JMID":6,"SyOu":"0020"},{"JMID":2,"SyOu":"0020"},{"JMID":11,"SyOu":"0020"},{"JMID":3,"SyOu":"0020"},{"JMID":12,"SyOu":"0020"}]},{"ColN":0,"RowN":1,"Colo":{"Back":"#D8A070","Fore":"#222222","SubF":"#222222"},"FuPr":[{"JMID":14,"SyOu":"5#F1941"},{"JMID":10,"SyOu":"5#F1941"},{"JMID":15,"SyOu":"5#F1941"},{"JMID":0,"SyOu":"5#F1941"},{"JMID":5,"SyOu":"5#F1941"},{"JMID":8,"SyOu":"5#F1941"},{"JMID":9,"SyOu":"5#F1941"},{"JMID":1,"SyOu":"5#F1941"},{"JMID":13,"SyOu":"5#F1941"},{"JMID":7,"SyOu":"5#F1941"},{"JMID":4,"SyOu":"5#F1941"},{"JMID":6,"SyOu":"5#F1941"},{"JMID":2,"SyOu":"5#F1941"},{"JMID":11,"SyOu":"5#F1941"},{"JMID":3,"SyOu":"5#F1941"},{"JMID":12,"SyOu":"5#F1941"}]},{"ColN":1,"RowN":1,"Colo":{"Back":"#D8A070","Fore":"#222222","SubF":"#222222"},"FuPr":[{"JMID":14,"SyOu":"5#F1954"},{"JMID":10,"SyOu":"5#F1954"},{"JMID":15,"SyOu":"5#F1954"},{"JMID":0,"SyOu":"5#F1954"},{"JMID":5,"SyOu":"5#F1954"},{"JMID":8,"SyOu":"5#F1954"},{"JMID":9,"SyOu":"5#F1954"},{"JMID":1,"SyOu":"5#F1954"},{"JMID":13,"SyOu":"5#F1954"},{"JMID":7,"SyOu":"5#F1954"},{"JMID":4,"SyOu":"5#F1954"},{"JMID":6,"SyOu":"5#F1954"},{"JMID":2,"SyOu":"5#F1954"},{"JMID":11,"SyOu":"5#F1954"},{"JMID":3,"SyOu":"5#F1954"},{"JMID":12,"SyOu":"5#F1954"}]},{"ColN":2,"RowN":1,"SuTy":100,"FuPr":[{"JMID":14,"FTyp":0},{"JMID":11,"SyOu":"5#F1981"},{"JMID":10,"SyOu":"5#F1951"},{"JMID":15,"SyOu":"002B"},{"JMID":5,"SyOu":"5#F191B"},{"JMID":0,"FTyp":2,"Symb":"0073","Outp":"0073","TMod":"18e86438-c2b4-4364-89b9-e377deaeeff7","TJMI":11,"TDes":"43a7b472-804e-4d59-ae85-1eeb75d00d99","TJDI":0,"IsRe":true},{"JMID":7,"SyOu":"5#F1938"},{"JMID":6,"SyOu":"5#F192A"}]},{"ColN":3,"RowN":1,"FuPr":[{"JMID":11,"SyOu":"5#F1961"},{"JMID":10,"SyOu":"5#F1952"},{"JMID":15,"SyOu":"2212"},{"JMID":5,"SyOu":"5#F191C"},{"JMID":0,"FTyp":2,"Symb":"0074","Outp":"0074","TMod":"dd81b295-2178-4472-b316-ffbdc48ab225","TJMI":12,"TDes":"43a7b472-804e-4d59-ae85-1eeb75d00d99","TJDI":0,"IsRe":true},{"JMID":1,"FTyp":0},{"JMID":7,"SyOu":"5#F197D"},{"JMID":6,"SyOu":"5#F192B"}]},{"ColN":4,"RowN":1,"SuTy":100,"FuPr":[{"JMID":14,"FTyp":0},{"JMID":11,"SyOu":"5#F1962"},{"JMID":10,"SyOu":"5#F1953"},{"JMID":15,"SyOu":"00D7"},{"JMID":5,"SyOu":"5#F191D"},{"JMID":0,"FTyp":2,"Symb":"0075","Outp":"0075","TMod":"22421b6f-dfcc-46dd-bbae-d5aac12f4fb6","TJMI":13,"TDes":"43a7b472-804e-4d59-ae85-1eeb75d00d99","TJDI":0,"IsRe":true},{"JMID":1,"FTyp":0},{"JMID":7,"SyOu":"5#F1939"},{"JMID":6,"SyOu":"5#F192C"}],"FuHo":[{"JMID":5,"FTyp":0}]},{"ColN":5,"RowN":1,"FuPr":[{"JMID":11,"SyOu":"5#F1963"},{"JMID":10,"SyOu":"5#F19A3"},{"JMID":15,"SyOu":"00F7"},{"JMID":5,"SyOu":"5#F1988"},{"JMID":0,"FTyp":2,"Symb":"0077","Outp":"0077","TMod":"4e33a588-f588-43bf-aae0-31bcc4af5f06","TJMI":14,"TDes":"43a7b472-804e-4d59-ae85-1eeb75d00d99","TJDI":0,"IsRe":true},{"JMID":1,"FTyp":0},{"JMID":7,"SyOu":"5#F193A"},{"JMID":6,"SyOu":"5#F192D"}]},{"ColN":6,"RowN":1,"FuPr":[{"JMID":14,"FTyp":4,"Symb":"232B","Outp":"232B","ODel":0},{"JMID":10,"FTyp":4,"Symb":"232B","Outp":"232B","ODel":0},{"JMID":15,"FTyp":4,"Symb":"232B","Outp":"232B","ODel":0},{"JMID":0,"FTyp":4,"Symb":"232B","Outp":"232B","ODel":0},{"JMID":5,"FTyp":4,"Symb":"232B","Outp":"232B","ODel":0},{"JMID":8,"FTyp":4,"Symb":"232B","Outp":"232B","ODel":0},{"JMID":9,"FTyp":4,"Symb":"232B","Outp":"232B","ODel":0},{"JMID":1,"FTyp":4,"Symb":"232B","Outp":"232B","ODel":0},{"JMID":13,"FTyp":4,"Symb":"232B","Outp":"232B","ODel":0},{"JMID":7,"FTyp":4,"Symb":"232B","Outp":"232B","ODel":0},{"JMID":4,"FTyp":4,"Symb":"232B","Outp":"232B","ODel":0},{"JMID":6,"FTyp":4,"Symb":"232B","Outp":"232B","ODel":0},{"JMID":2,"FTyp":4,"Symb":"232B","Outp":"232B","ODel":0},{"JMID":11,"FTyp":4,"Symb":"232B","Outp":"232B","ODel":0},{"JMID":3,"FTyp":4,"Symb":"232B","Outp":"232B","ODel":0},{"JMID":12,"FTyp":4,"Symb":"232B","Outp":"232B","ODel":0}],"FuHo":[{"JMID":14,"FTyp":4,"ODel":2,"ReFT":500,"RePe":250},{"JMID":10,"FTyp":4,"ODel":2,"ReFT":500,"RePe":250},{"JMID":15,"FTyp":4,"ODel":2,"ReFT":500,"RePe":250},{"JMID":0,"FTyp":4,"ODel":2,"ReFT":500,"RePe":250},{"JMID":5,"FTyp":4,"ODel":2,"ReFT":500,"RePe":250},{"JMID":8,"FTyp":4,"ODel":2,"ReFT":500,"RePe":250},{"JMID":9,"FTyp":4,"ODel":2,"ReFT":500,"RePe":250},{"JMID":1,"FTyp":4,"ODel":2,"ReFT":500,"RePe":250},{"JMID":13,"FTyp":4,"ODel":2,"ReFT":500,"RePe":250},{"JMID":7,"FTyp":4,"ODel":2,"ReFT":500,"RePe":250},{"JMID":4,"FTyp":4,"ODel":2,"ReFT":500,"RePe":250},{"JMID":6,"FTyp":4,"ODel":2,"ReFT":500,"RePe":250},{"JMID":2,"FTyp":4,"ODel":2,"ReFT":500,"RePe":250},{"JMID":11,"FTyp":4,"ODel":2,"ReFT":500,"RePe":250},{"JMID":3,"FTyp":4,"ODel":2,"ReFT":500,"RePe":250},{"JMID":12,"FTyp":4,"ODel":2,"ReFT":500,"RePe":250}]},{"ColN":0,"RowN":2,"Colo":{"Back":"#D8A070","Fore":"#222222","SubF":"#222222"},"FuPr":[{"JMID":14,"SyOu":"5#F1909"},{"JMID":10,"SyOu":"5#F1909"},{"JMID":15,"SyOu":"5#F1909"},{"JMID":0,"SyOu":"5#F1909"},{"JMID":5,"SyOu":"5#F1909"},{"JMID":8,"SyOu":"5#F1909"},{"JMID":9,"SyOu":"5#F1909"},{"JMID":1,"SyOu":"5#F1909"},{"JMID":13,"SyOu":"5#F1909"},{"JMID":7,"SyOu":"5#F1909"},{"JMID":4,"SyOu":"5#F1909"},{"JMID":6,"SyOu":"5#F1909"},{"JMID":2,"SyOu":"5#F1909"},{"JMID":11,"SyOu":"5#F1909"},{"JMID":3,"SyOu":"5#F1909"},{"JMID":12,"SyOu":"5#F1909"}]},{"ColN":1,"RowN":2,"Colo":{"Back":"#D8A070","Fore":"#222222","SubF":"#222222"},"FuPr":[{"JMID":14,"SyOu":"5#F196C"},{"JMID":10,"SyOu":"5#F196C"},{"JMID":15,"SyOu":"5#F196C"},{"JMID":0,"SyOu":"5#F196C"},{"JMID":5,"SyOu":"5#F196C"},{"JMID":8,"SyOu":"5#F196C"},{"JMID":9,"SyOu":"5#F196C"},{"JMID":1,"SyOu":"5#F196C"},{"JMID":13,"SyOu":"5#F196C"},{"JMID":7,"SyOu":"5#F196C"},{"JMID":4,"SyOu":"5#F196C"},{"JMID":6,"SyOu":"5#F196C"},{"JMID":2,"SyOu":"5#F196C"},{"JMID":11,"SyOu":"5#F196C"},{"JMID":3,"SyOu":"5#F196C"},{"JMID":12,"SyOu":"5#F196C"}]},{"ColN":2,"RowN":2,"FuPr":[{"JMID":11,"SyOu":"5#F195C"},{"JMID":10,"SyOu":"5#F194D"},{"JMID":15,"SyOu":"0030"},{"JMID":5,"SyOu":"5#F191A"},{"JMID":8,"SyOu":"5#F1942"},{"JMID":0,"FTyp":2,"Symb":"006D","Outp":"006D","TMod":"86124ed2-43a8-496c-b477-da7b6ea84fe6","TJMI":7,"TDes":"43a7b472-804e-4d59-ae85-1eeb75d00d99","TJDI":0,"IsRe":true},{"JMID":1,"SyOu":"5#F19A1"},{"JMID":7,"SyOu":"5#F1935"},{"JMID":12,"SyOu":"5#F196D"},{"JMID":6,"SyOu":"5#F1925"}]},{"ColN":3,"RowN":2,"FuPr":[{"JMID":11,"SyOu":"5#F195D"},{"JMID":10,"SyOu":"5#F194E"},{"JMID":15,"SyOu":"0037"},{"JMID":5,"SyOu":"5#F1980"},{"JMID":8,"SyOu":"5#F1943"},{"JMID":0,"FTyp":2,"Symb":"006E","Outp":"006E","TMod":"a1aaef2e-ba0d-4c1c-9eec-2b2b05e30e57","TJMI":8,"TDes":"43a7b472-804e-4d59-ae85-1eeb75d00d99","TJDI":0,"IsRe":true},{"JMID":1,"SyOu":"5#F1908"},{"JMID":7,"SyOu":"5#F1987"},{"JMID":12,"SyOu":"5#F196E"},{"JMID":6,"SyOu":"5#F1926"}]},{"ColN":4,"RowN":2,"FuPr":[{"JMID":14,"FTyp":0},{"JMID":11,"SyOu":"5#F195F"},{"JMID":10,"SyOu":"5#F194F"},{"JMID":15,"SyOu":"0038"},{"JMID":5,"SyOu":"5#F1979"},{"JMID":0,"FTyp":2,"Symb":"006F","Outp":"006F","TMod":"40362c72-6d1e-46d4-8a49-4b30660e8c66","TJMI":9,"TDes":"43a7b472-804e-4d59-ae85-1eeb75d00d99","TJDI":0,"IsRe":true},{"JMID":1,"FTyp":0},{"JMID":7,"SyOu":"5#F1936"},{"JMID":6,"SyOu":"5#F1928"}]},{"ColN":5,"RowN":2,"FuPr":[{"JMID":11,"SyOu":"5#F1960"},{"JMID":10,"SyOu":"5#F1950"},{"JMID":15,"SyOu":"0039"},{"JMID":5,"SyOu":"5#F197B"},{"JMID":0,"FTyp":2,"Symb":"0070","Outp":"0070","TMod":"8b02fb91-9448-40d7-945d-6efb43ae06c3","TJMI":10,"TDes":"43a7b472-804e-4d59-ae85-1eeb75d00d99","TJDI":0,"IsRe":true},{"JMID":1,"FTyp":0},{"JMID":7,"SyOu":"5#F1937"},{"JMID":6,"SyOu":"5#F1929"}]},{"ColN":6,"RowN":2,"FuPr":[{"JMID":14,"SyOu":"003F"},{"JMID":10,"SyOu":"003F"},{"JMID":15,"SyOu":"003F"},{"JMID":0,"SyOu":"003F"},{"JMID":5,"SyOu":"003F"},{"JMID":8,"SyOu":"003F"},{"JMID":9,"SyOu":"003F"},{"JMID":1,"SyOu":"003F"},{"JMID":13,"SyOu":"003F"},{"JMID":7,"SyOu":"003F"},{"JMID":4,"SyOu":"003F"},{"JMID":6,"SyOu":"003F"},{"JMID":2,"SyOu":"003F"},{"JMID":11,"SyOu":"003F"},{"JMID":3,"SyOu":"003F"},{"JMID":12,"SyOu":"003F"}],"FuHo":[{"JMID":14,"SyOu":"0021"},{"JMID":10,"SyOu":"0021"},{"JMID":15,"SyOu":"0021"},{"JMID":0,"SyOu":"0021"},{"JMID":5,"SyOu":"0021"},{"JMID":8,"SyOu":"0021"},{"JMID":9,"SyOu":"0021"},{"JMID":1,"SyOu":"0021"},{"JMID":13,"SyOu":"0021"},{"JMID":7,"SyOu":"0021"},{"JMID":4,"SyOu":"0021"},{"JMID":6,"SyOu":"0021"},{"JMID":2,"SyOu":"0021"},{"JMID":11,"SyOu":"0021"},{"JMID":3,"SyOu":"0021"},{"JMID":12,"SyOu":"0021"}]},{"ColN":0,"RowN":3,"Colo":{"Back":"#D8A070","Fore":"#222222","SubF":"#222222"},"SuTy":100,"FuPr":[{"JMID":14,"SyOu":"5#F1927"},{"JMID":10,"SyOu":"5#F1927"},{"JMID":15,"SyOu":"5#F1927"},{"JMID":0,"SyOu":"5#F1927"},{"JMID":5,"SyOu":"5#F1927"},{"JMID":8,"SyOu":"5#F1927"},{"JMID":9,"SyOu":"5#F1927"},{"JMID":1,"SyOu":"5#F1927"},{"JMID":13,"SyOu":"5#F1927"},{"JMID":7,"SyOu":"5#F1927"},{"JMID":4,"SyOu":"5#F1927"},{"JMID":6,"SyOu":"5#F1927"},{"JMID":2,"SyOu":"5#F1927"},{"JMID":11,"SyOu":"5#F1927"},{"JMID":3,"SyOu":"5#F1927"},{"JMID":12,"SyOu":"5#F1927"}]},{"ColN":1,"RowN":3,"Colo":{"Back":"#D8A070","Fore":"#222222","SubF":"#222222"},"FuPr":[{"JMID":14,"SyOu":"5#F1934"},{"JMID":10,"SyOu":"5#F1934"},{"JMID":15,"SyOu":"5#F1934"},{"JMID":0,"SyOu":"5#F1934"},{"JMID":5,"SyOu":"5#F1934"},{"JMID":8,"SyOu":"5#F1934"},{"JMID":9,"SyOu":"5#F1934"},{"JMID":1,"SyOu":"5#F1934"},{"JMID":13,"SyOu":"5#F1934"},{"JMID":7,"SyOu":"5#F1934"},{"JMID":4,"SyOu":"5#F1934"},{"JMID":6,"SyOu":"5#F1934"},{"JMID":2,"SyOu":"5#F1934"},{"JMID":11,"SyOu":"5#F1934"},{"JMID":3,"SyOu":"5#F1934"},{"JMID":12,"SyOu":"5#F1934"}]},{"ColN":2,"RowN":3,"FuPr":[{"JMID":14,"SyOu":"201C"},{"JMID":10,"SyOu":"201C"},{"JMID":15,"SyOu":"201C"},{"JMID":0,"SyOu":"201C"},{"JMID":5,"SyOu":"201C"},{"JMID":8,"SyOu":"201C"},{"JMID":9,"SyOu":"201C"},{"JMID":1,"SyOu":"201C"},{"JMID":13,"SyOu":"201C"},{"JMID":7,"SyOu":"201C"},{"JMID":4,"SyOu":"201C"},{"JMID":6,"SyOu":"201C"},{"JMID":2,"SyOu":"201C"},{"JMID":11,"SyOu":"201C"},{"JMID":3,"SyOu":"201C"},{"JMID":12,"SyOu":"201C"}],"FuHo":[{"JMID":14,"PopK":{"Rows":2,"Keys":[]},"SyOu":"2018"},{"JMID":10,"PopK":{"Rows":2,"Keys":[]},"SyOu":"2018"},{"JMID":15,"PopK":{"Rows":2,"Keys":[]},"SyOu":"2018"},{"JMID":0,"PopK":{"Rows":2,"Keys":[]},"SyOu":"2018"},{"JMID":5,"PopK":{"Rows":2,"Keys":[]},"SyOu":"2018"},{"JMID":8,"PopK":{"Rows":2,"Keys":[]},"SyOu":"2018"},{"JMID":9,"PopK":{"Rows":2,"Keys":[]},"SyOu":"2018"},{"JMID":1,"PopK":{"Rows":2,"Keys":[]},"SyOu":"2018"},{"JMID":13,"PopK":{"Rows":2,"Keys":[]},"SyOu":"2018"},{"JMID":7,"PopK":{"Rows":2,"Keys":[]},"SyOu":"2018"},{"JMID":4,"PopK":{"Rows":2,"Keys":[]},"SyOu":"2018"},{"JMID":6,"PopK":{"Rows":2,"Keys":[]},"SyOu":"2018"},{"JMID":2,"PopK":{"Rows":2,"Keys":[]},"SyOu":"2018"},{"JMID":11,"PopK":{"Rows":2,"Keys":[]},"SyOu":"2018"},{"JMID":3,"PopK":{"Rows":2,"Keys":[]},"SyOu":"2018"},{"JMID":12,"PopK":{"Rows":2,"Keys":[]},"SyOu":"2018"}]},{"ColN":3,"RowN":3,"SuTy":100,"FuPr":[{"JMID":14,"SyOu":"5#F1975"},{"JMID":10,"SyOu":"5#F194A"},{"JMID":15,"SyOu":"0034"},{"JMID":5,"SyOu":"5#F1917"},{"JMID":8,"SyOu":"5#F193E"},{"JMID":9,"SyOu":"5#F1947"},{"JMID":0,"FTyp":2,"Symb":"006A","Outp":"006A","TMod":"081c1a2b-2727-4451-ad4d-cc8f78f54d97","TJMI":4,"TDes":"43a7b472-804e-4d59-ae85-1eeb75d00d99","TJDI":0,"IsRe":true},{"JMID":1,"SyOu":"5#F1905"},{"JMID":7,"SyOu":"5#F1932"},{"JMID":6,"SyOu":"5#F1923"},{"JMID":4,"SyOu":"5#F1912"},{"JMID":11,"SyOu":"5#F1959"},{"JMID":3,"SyOu":"5#F190F"},{"JMID":12,"SyOu":"5#F196A"}]},{"ColN":4,"RowN":3,"FuPr":[{"JMID":14,"SyOu":"5#F1976"},{"JMID":11,"SyOu":"5#F195A"},{"JMID":10,"SyOu":"5#F194B"},{"JMID":15,"SyOu":"0035"},{"JMID":5,"SyOu":"5#F1918"},{"JMID":8,"SyOu":"5#F193F"},{"JMID":0,"FTyp":2,"Symb":"006B","Outp":"006B","TMod":"21ab241d-fd7f-43b3-a643-c10a5b7d5308","TJMI":5,"TDes":"43a7b472-804e-4d59-ae85-1eeb75d00d99","TJDI":0,"IsRe":true},{"JMID":1,"SyOu":"5#F1906"},{"JMID":7,"SyOu":"5#F1933"},{"JMID":12,"SyOu":"5#F196B"},{"JMID":6,"SyOu":"5#F1924"},{"JMID":4,"SyOu":"5#F1913"}]},{"ColN":5,"RowN":3,"FuPr":[{"JMID":14,"SyOu":"5#F1977"},{"JMID":11,"SyOu":"5#F195B"},{"JMID":10,"SyOu":"5#F194C"},{"JMID":15,"SyOu":"0036"},{"JMID":5,"SyOu":"5#F1919"},{"JMID":8,"SyOu":"5#F1940"},{"JMID":0,"FTyp":2,"Symb":"006C","Outp":"006C","TMod":"e8a72cfa-297c-4834-bbd6-b1e18acfc050","TJMI":6,"TDes":"43a7b472-804e-4d59-ae85-1eeb75d00d99","TJDI":0,"IsRe":true},{"JMID":1,"SyOu":"5#F1907"},{"JMID":7,"SyOu":"5#F1982"},{"JMID":12,"SyOu":"5#F197E"},{"JMID":6,"SyOu":"5#F197C"}]},{"ColN":6,"RowN":3,"FuPr":[{"JMID":14,"SyOu":"002E"},{"JMID":10,"SyOu":"002E"},{"JMID":15,"SyOu":"002E"},{"JMID":0,"SyOu":"002E"},{"JMID":5,"SyOu":"002E"},{"JMID":8,"SyOu":"002E"},{"JMID":9,"SyOu":"002E"},{"JMID":1,"SyOu":"002E"},{"JMID":13,"SyOu":"002E"},{"JMID":7,"SyOu":"002E"},{"JMID":4,"SyOu":"002E"},{"JMID":6,"SyOu":"002E"},{"JMID":2,"SyOu":"002E"},{"JMID":11,"SyOu":"002E"},{"JMID":3,"SyOu":"002E"},{"JMID":12,"SyOu":"002E"}],"FuHo":[{"JMID":14,"PopK":{"Keys":[{"ColN":0,"RowN":0,"Func":{"SyOu":"002C"}},{"ColN":1,"RowN":0,"Func":{"SyOu":"003B"}},{"ColN":2,"RowN":0,"Func":{"SyOu":"003A"}},{"ColN":3,"RowN":0,"Func":{"SyOu":"00B7"}}]},"FTyp":5,"Symb":"003A","Outp":"003A"},{"JMID":10,"PopK":{"Keys":[{"ColN":0,"RowN":0,"Func":{"SyOu":"002C"}},{"ColN":1,"RowN":0,"Func":{"SyOu":"003B"}},{"ColN":2,"RowN":0,"Func":{"SyOu":"003A"}},{"ColN":3,"RowN":0,"Func":{"SyOu":"00B7"}}]},"FTyp":5,"Symb":"003A","Outp":"003A"},{"JMID":15,"PopK":{"Keys":[{"ColN":0,"RowN":0,"Func":{"SyOu":"002C"}},{"ColN":1,"RowN":0,"Func":{"SyOu":"003B"}},{"ColN":2,"RowN":0,"Func":{"SyOu":"003A"}},{"ColN":3,"RowN":0,"Func":{"SyOu":"00B7"}}]},"FTyp":5,"Symb":"003A","Outp":"003A"},{"JMID":0,"PopK":{"Keys":[{"ColN":0,"RowN":0,"Func":{"SyOu":"002C"}},{"ColN":1,"RowN":0,"Func":{"SyOu":"003B"}},{"ColN":2,"RowN":0,"Func":{"SyOu":"003A"}},{"ColN":3,"RowN":0,"Func":{"SyOu":"00B7"}}]},"FTyp":5,"Symb":"003A","Outp":"003A0020"},{"JMID":5,"PopK":{"Keys":[{"ColN":0,"RowN":0,"Func":{"SyOu":"002C"}},{"ColN":1,"RowN":0,"Func":{"SyOu":"003B"}},{"ColN":2,"RowN":0,"Func":{"SyOu":"003A"}},{"ColN":3,"RowN":0,"Func":{"SyOu":"00B7"}}]},"FTyp":5,"Symb":"003A","Outp":"003A"},{"JMID":8,"PopK":{"Keys":[{"ColN":0,"RowN":0,"Func":{"SyOu":"002C"}},{"ColN":1,"RowN":0,"Func":{"SyOu":"003B"}},{"ColN":2,"RowN":0,"Func":{"SyOu":"003A"}},{"ColN":3,"RowN":0,"Func":{"SyOu":"00B7"}}]},"FTyp":5,"Symb":"003A","Outp":"003A"},{"JMID":9,"PopK":{"Keys":[{"ColN":0,"RowN":0,"Func":{"SyOu":"002C"}},{"ColN":1,"RowN":0,"Func":{"SyOu":"003B"}},{"ColN":2,"RowN":0,"Func":{"SyOu":"003A"}},{"ColN":3,"RowN":0,"Func":{"SyOu":"00B7"}}]},"FTyp":5,"Symb":"003A","Outp":"003A"},{"JMID":1,"PopK":{"Keys":[{"ColN":0,"RowN":0,"Func":{"SyOu":"002C"}},{"ColN":1,"RowN":0,"Func":{"SyOu":"003B"}},{"ColN":2,"RowN":0,"Func":{"SyOu":"003A"}},{"ColN":3,"RowN":0,"Func":{"SyOu":"00B7"}}]},"FTyp":5,"Symb":"003A","Outp":"003A"},{"JMID":13,"PopK":{"Keys":[{"ColN":0,"RowN":0,"Func":{"SyOu":"002C"}},{"ColN":1,"RowN":0,"Func":{"SyOu":"003B"}},{"ColN":2,"RowN":0,"Func":{"SyOu":"003A"}},{"ColN":3,"RowN":0,"Func":{"SyOu":"00B7"}}]},"FTyp":5,"Symb":"003A","Outp":"003A"},{"JMID":7,"PopK":{"Keys":[{"ColN":0,"RowN":0,"Func":{"SyOu":"002C"}},{"ColN":1,"RowN":0,"Func":{"SyOu":"003B"}},{"ColN":2,"RowN":0,"Func":{"SyOu":"003A"}},{"ColN":3,"RowN":0,"Func":{"SyOu":"00B7"}}]},"FTyp":5,"Symb":"003A","Outp":"003A"},{"JMID":4,"PopK":{"Keys":[{"ColN":0,"RowN":0,"Func":{"SyOu":"002C"}},{"ColN":1,"RowN":0,"Func":{"SyOu":"003B"}},{"ColN":2,"RowN":0,"Func":{"SyOu":"003A"}},{"ColN":3,"RowN":0,"Func":{"SyOu":"00B7"}}]},"FTyp":5,"Symb":"003A","Outp":"003A"},{"JMID":6,"PopK":{"Keys":[{"ColN":0,"RowN":0,"Func":{"SyOu":"002C"}},{"ColN":1,"RowN":0,"Func":{"SyOu":"003B"}},{"ColN":2,"RowN":0,"Func":{"SyOu":"003A"}},{"ColN":3,"RowN":0,"Func":{"SyOu":"00B7"}}]},"FTyp":5,"Symb":"003A","Outp":"003A"},{"JMID":2,"PopK":{"Keys":[{"ColN":0,"RowN":0,"Func":{"SyOu":"002C"}},{"ColN":1,"RowN":0,"Func":{"SyOu":"003B"}},{"ColN":2,"RowN":0,"Func":{"SyOu":"003A"}},{"ColN":3,"RowN":0,"Func":{"SyOu":"00B7"}}]},"FTyp":5,"Symb":"003A","Outp":"003A"},{"JMID":11,"PopK":{"Keys":[{"ColN":0,"RowN":0,"Func":{"SyOu":"002C"}},{"ColN":1,"RowN":0,"Func":{"SyOu":"003B"}},{"ColN":2,"RowN":0,"Func":{"SyOu":"003A"}},{"ColN":3,"RowN":0,"Func":{"SyOu":"00B7"}}]},"FTyp":5,"Symb":"003A","Outp":"003A"},{"JMID":3,"PopK":{"Keys":[{"ColN":0,"RowN":0,"Func":{"SyOu":"002C"}},{"ColN":1,"RowN":0,"Func":{"SyOu":"003B"}},{"ColN":2,"RowN":0,"Func":{"SyOu":"003A"}},{"ColN":3,"RowN":0,"Func":{"SyOu":"00B7"}}]},"FTyp":5,"Symb":"003A","Outp":"003A"},{"JMID":12,"PopK":{"Keys":[{"ColN":0,"RowN":0,"Func":{"SyOu":"002C"}},{"ColN":1,"RowN":0,"Func":{"SyOu":"003B"}},{"ColN":2,"RowN":0,"Func":{"SyOu":"003A"}},{"ColN":3,"RowN":0,"Func":{"SyOu":"00B7"}}]},"FTyp":5,"Symb":"003A","Outp":"003A"}]},{"ColN":0,"RowN":4,"Colo":{"Back":"#D8A070","Fore":"#222222","SubF":"#222222"},"FuPr":[{"JMID":14,"SyOu":"5#F1946"},{"JMID":10,"SyOu":"5#F1946"},{"JMID":15,"SyOu":"5#F1946"},{"JMID":0,"SyOu":"5#F1946"},{"JMID":5,"SyOu":"5#F1946"},{"JMID":8,"SyOu":"5#F1946"},{"JMID":9,"SyOu":"5#F1946"},{"JMID":1,"SyOu":"5#F1946"},{"JMID":13,"SyOu":"5#F1946"},{"JMID":7,"SyOu":"5#F1946"},{"JMID":4,"SyOu":"5#F1946"},{"JMID":6,"SyOu":"5#F1946"},{"JMID":2,"SyOu":"5#F1946"},{"JMID":11,"SyOu":"5#F1946"},{"JMID":3,"SyOu":"5#F1946"},{"JMID":12,"SyOu":"5#F1946"}]},{"ColN":1,"RowN":4,"Colo":{"Back":"#D8A070","Fore":"#222222","SubF":"#222222"},"FuPr":[{"JMID":14,"SyOu":"5#F195E"},{"JMID":10,"SyOu":"5#F195E"},{"JMID":15,"SyOu":"5#F195E"},{"JMID":0,"SyOu":"5#F195E"},{"JMID":5,"SyOu":"5#F195E"},{"JMID":8,"SyOu":"5#F195E"},{"JMID":9,"SyOu":"5#F195E"},{"JMID":1,"SyOu":"5#F195E"},{"JMID":13,"SyOu":"5#F195E"},{"JMID":7,"SyOu":"5#F195E"},{"JMID":4,"SyOu":"5#F195E"},{"JMID":6,"SyOu":"5#F195E"},{"JMID":2,"SyOu":"5#F195E"},{"JMID":11,"SyOu":"5#F195E"},{"JMID":3,"SyOu":"5#F195E"},{"JMID":12,"SyOu":"5#F195E"}]},{"ColN":2,"RowN":4,"SuTy":100,"FuPr":[{"JMID":14,"PopK":{"Rows":3,"Keys":[{"ColN":0,"RowN":0,"Func":{"SyOu":"5#F1990"}},{"ColN":1,"RowN":0,"Func":{"SyOu":"5#F1991"}},{"ColN":2,"RowN":0,"Func":{"SyOu":"5#F1992"}},{"ColN":3,"RowN":0,"Func":{"SyOu":"002B"}},{"ColN":0,"RowN":1,"Func":{"SyOu":"0028"}},{"ColN":1,"RowN":1,"Func":{"SyOu":"0029"}},{"ColN":2,"RowN":1,"Func":{"SyOu":"005F"}},{"ColN":3,"RowN":1,"Func":{"SyOu":"005E"}},{"ColN":0,"RowN":2,"Func":{"SyOu":"005B"}},{"ColN":1,"RowN":2,"Func":{"SyOu":"005D"}},{"ColN":2,"RowN":2,"Func":{"SyOu":"002D"}},{"ColN":3,"RowN":2,"Func":{"SyOu":"002A"}}]},"FTyp":5,"Symb":"5#F1990F1991","Outp":"5#F1990F1991"},{"JMID":10,"PopK":{"Rows":3,"Keys":[{"ColN":0,"RowN":0,"Func":{"SyOu":"5#F1990"}},{"ColN":1,"RowN":0,"Func":{"SyOu":"5#F1991"}},{"ColN":2,"RowN":0,"Func":{"SyOu":"5#F1992"}},{"ColN":3,"RowN":0,"Func":{"SyOu":"002B"}},{"ColN":0,"RowN":1,"Func":{"SyOu":"0028"}},{"ColN":1,"RowN":1,"Func":{"SyOu":"0029"}},{"ColN":2,"RowN":1,"Func":{"SyOu":"005F"}},{"ColN":3,"RowN":1,"Func":{"SyOu":"005E"}},{"ColN":0,"RowN":2,"Func":{"SyOu":"005B"}},{"ColN":1,"RowN":2,"Func":{"SyOu":"005D"}},{"ColN":2,"RowN":2,"Func":{"SyOu":"002D"}},{"ColN":3,"RowN":2,"Func":{"SyOu":"002A"}}]},"FTyp":5,"Symb":"5#F1990F1991","Outp":"5#F1990F1991"},{"JMID":15,"PopK":{"Rows":3,"Keys":[{"ColN":0,"RowN":0,"Func":{"SyOu":"5#F1990"}},{"ColN":1,"RowN":0,"Func":{"SyOu":"5#F1991"}},{"ColN":2,"RowN":0,"Func":{"SyOu":"5#F1992"}},{"ColN":3,"RowN":0,"Func":{"SyOu":"002B"}},{"ColN":0,"RowN":1,"Func":{"SyOu":"0028"}},{"ColN":1,"RowN":1,"Func":{"SyOu":"0029"}},{"ColN":2,"RowN":1,"Func":{"SyOu":"005F"}},{"ColN":3,"RowN":1,"Func":{"SyOu":"005E"}},{"ColN":0,"RowN":2,"Func":{"SyOu":"005B"}},{"ColN":1,"RowN":2,"Func":{"SyOu":"005D"}},{"ColN":2,"RowN":2,"Func":{"SyOu":"002D"}},{"ColN":3,"RowN":2,"Func":{"SyOu":"002A"}}]},"FTyp":5,"Symb":"5#F1990F1991","Outp":"5#F1990F1991"},{"JMID":0,"PopK":{"Rows":3,"Keys":[{"ColN":0,"RowN":0,"Func":{"SyOu":"5#F1990"}},{"ColN":1,"RowN":0,"Func":{"SyOu":"5#F1991"}},{"ColN":2,"RowN":0,"Func":{"SyOu":"5#F1992"}},{"ColN":3,"RowN":0,"Func":{"SyOu":"002B"}},{"ColN":0,"RowN":1,"Func":{"SyOu":"0028"}},{"ColN":1,"RowN":1,"Func":{"SyOu":"0029"}},{"ColN":2,"RowN":1,"Func":{"SyOu":"005F"}},{"ColN":3,"RowN":1,"Func":{"SyOu":"005E"}},{"ColN":0,"RowN":2,"Func":{"SyOu":"005B"}},{"ColN":1,"RowN":2,"Func":{"SyOu":"005D"}},{"ColN":2,"RowN":2,"Func":{"SyOu":"002D"}},{"ColN":3,"RowN":2,"Func":{"SyOu":"002A"}}]},"FTyp":5,"Symb":"5#F1990F1991","Outp":"5#F1990F1991"},{"JMID":5,"PopK":{"Rows":3,"Keys":[{"ColN":0,"RowN":0,"Func":{"SyOu":"5#F1990"}},{"ColN":1,"RowN":0,"Func":{"SyOu":"5#F1991"}},{"ColN":2,"RowN":0,"Func":{"SyOu":"5#F1992"}},{"ColN":3,"RowN":0,"Func":{"SyOu":"002B"}},{"ColN":0,"RowN":1,"Func":{"SyOu":"0028"}},{"ColN":1,"RowN":1,"Func":{"SyOu":"0029"}},{"ColN":2,"RowN":1,"Func":{"SyOu":"005F"}},{"ColN":3,"RowN":1,"Func":{"SyOu":"005E"}},{"ColN":0,"RowN":2,"Func":{"SyOu":"005B"}},{"ColN":1,"RowN":2,"Func":{"SyOu":"005D"}},{"ColN":2,"RowN":2,"Func":{"SyOu":"002D"}},{"ColN":3,"RowN":2,"Func":{"SyOu":"002A"}}]},"FTyp":5,"Symb":"5#F1990F1991","Outp":"5#F1990F1991"},{"JMID":8,"PopK":{"Rows":3,"Keys":[{"ColN":0,"RowN":0,"Func":{"SyOu":"5#F1990"}},{"ColN":1,"RowN":0,"Func":{"SyOu":"5#F1991"}},{"ColN":2,"RowN":0,"Func":{"SyOu":"5#F1992"}},{"ColN":3,"RowN":0,"Func":{"SyOu":"002B"}},{"ColN":0,"RowN":1,"Func":{"SyOu":"0028"}},{"ColN":1,"RowN":1,"Func":{"SyOu":"0029"}},{"ColN":2,"RowN":1,"Func":{"SyOu":"005F"}},{"ColN":3,"RowN":1,"Func":{"SyOu":"005E"}},{"ColN":0,"RowN":2,"Func":{"SyOu":"005B"}},{"ColN":1,"RowN":2,"Func":{"SyOu":"005D"}},{"ColN":2,"RowN":2,"Func":{"SyOu":"002D"}},{"ColN":3,"RowN":2,"Func":{"SyOu":"002A"}}]},"FTyp":5,"Symb":"5#F1990F1991","Outp":"5#F1990F1991"},{"JMID":9,"PopK":{"Rows":3,"Keys":[{"ColN":0,"RowN":0,"Func":{"SyOu":"5#F1990"}},{"ColN":1,"RowN":0,"Func":{"SyOu":"5#F1991"}},{"ColN":2,"RowN":0,"Func":{"SyOu":"5#F1992"}},{"ColN":3,"RowN":0,"Func":{"SyOu":"002B"}},{"ColN":0,"RowN":1,"Func":{"SyOu":"0028"}},{"ColN":1,"RowN":1,"Func":{"SyOu":"0029"}},{"ColN":2,"RowN":1,"Func":{"SyOu":"005F"}},{"ColN":3,"RowN":1,"Func":{"SyOu":"005E"}},{"ColN":0,"RowN":2,"Func":{"SyOu":"005B"}},{"ColN":1,"RowN":2,"Func":{"SyOu":"005D"}},{"ColN":2,"RowN":2,"Func":{"SyOu":"002D"}},{"ColN":3,"RowN":2,"Func":{"SyOu":"002A"}}]},"FTyp":5,"Symb":"5#F1990F1991","Outp":"5#F1990F1991"},{"JMID":1,"PopK":{"Rows":3,"Keys":[{"ColN":0,"RowN":0,"Func":{"SyOu":"5#F1990"}},{"ColN":1,"RowN":0,"Func":{"SyOu":"5#F1991"}},{"ColN":2,"RowN":0,"Func":{"SyOu":"5#F1992"}},{"ColN":3,"RowN":0,"Func":{"SyOu":"002B"}},{"ColN":0,"RowN":1,"Func":{"SyOu":"0028"}},{"ColN":1,"RowN":1,"Func":{"SyOu":"0029"}},{"ColN":2,"RowN":1,"Func":{"SyOu":"005F"}},{"ColN":3,"RowN":1,"Func":{"SyOu":"005E"}},{"ColN":0,"RowN":2,"Func":{"SyOu":"005B"}},{"ColN":1,"RowN":2,"Func":{"SyOu":"005D"}},{"ColN":2,"RowN":2,"Func":{"SyOu":"002D"}},{"ColN":3,"RowN":2,"Func":{"SyOu":"002A"}}]},"FTyp":5,"Symb":"5#F1990F1991","Outp":"5#F1990F1991"},{"JMID":13,"PopK":{"Rows":3,"Keys":[{"ColN":0,"RowN":0,"Func":{"SyOu":"5#F1990"}},{"ColN":1,"RowN":0,"Func":{"SyOu":"5#F1991"}},{"ColN":2,"RowN":0,"Func":{"SyOu":"5#F1992"}},{"ColN":3,"RowN":0,"Func":{"SyOu":"002B"}},{"ColN":0,"RowN":1,"Func":{"SyOu":"0028"}},{"ColN":1,"RowN":1,"Func":{"SyOu":"0029"}},{"ColN":2,"RowN":1,"Func":{"SyOu":"005F"}},{"ColN":3,"RowN":1,"Func":{"SyOu":"005E"}},{"ColN":0,"RowN":2,"Func":{"SyOu":"005B"}},{"ColN":1,"RowN":2,"Func":{"SyOu":"005D"}},{"ColN":2,"RowN":2,"Func":{"SyOu":"002D"}},{"ColN":3,"RowN":2,"Func":{"SyOu":"002A"}}]},"FTyp":5,"Symb":"5#F1990F1991","Outp":"5#F1990F1991"},{"JMID":7,"PopK":{"Rows":3,"Keys":[{"ColN":0,"RowN":0,"Func":{"SyOu":"5#F1990"}},{"ColN":1,"RowN":0,"Func":{"SyOu":"5#F1991"}},{"ColN":2,"RowN":0,"Func":{"SyOu":"5#F1992"}},{"ColN":3,"RowN":0,"Func":{"SyOu":"002B"}},{"ColN":0,"RowN":1,"Func":{"SyOu":"0028"}},{"ColN":1,"RowN":1,"Func":{"SyOu":"0029"}},{"ColN":2,"RowN":1,"Func":{"SyOu":"005F"}},{"ColN":3,"RowN":1,"Func":{"SyOu":"005E"}},{"ColN":0,"RowN":2,"Func":{"SyOu":"005B"}},{"ColN":1,"RowN":2,"Func":{"SyOu":"005D"}},{"ColN":2,"RowN":2,"Func":{"SyOu":"002D"}},{"ColN":3,"RowN":2,"Func":{"SyOu":"002A"}}]},"FTyp":5,"Symb":"5#F1990F1991","Outp":"5#F1990F1991"},{"JMID":4,"PopK":{"Rows":3,"Keys":[{"ColN":0,"RowN":0,"Func":{"SyOu":"5#F1990"}},{"ColN":1,"RowN":0,"Func":{"SyOu":"5#F1991"}},{"ColN":2,"RowN":0,"Func":{"SyOu":"5#F1992"}},{"ColN":3,"RowN":0,"Func":{"SyOu":"002B"}},{"ColN":0,"RowN":1,"Func":{"SyOu":"0028"}},{"ColN":1,"RowN":1,"Func":{"SyOu":"0029"}},{"ColN":2,"RowN":1,"Func":{"SyOu":"005F"}},{"ColN":3,"RowN":1,"Func":{"SyOu":"005E"}},{"ColN":0,"RowN":2,"Func":{"SyOu":"005B"}},{"ColN":1,"RowN":2,"Func":{"SyOu":"005D"}},{"ColN":2,"RowN":2,"Func":{"SyOu":"002D"}},{"ColN":3,"RowN":2,"Func":{"SyOu":"002A"}}]},"FTyp":5,"Symb":"5#F1990F1991","Outp":"5#F1990F1991"},{"JMID":6,"PopK":{"Rows":3,"Keys":[{"ColN":0,"RowN":0,"Func":{"SyOu":"5#F1990"}},{"ColN":1,"RowN":0,"Func":{"SyOu":"5#F1991"}},{"ColN":2,"RowN":0,"Func":{"SyOu":"5#F1992"}},{"ColN":3,"RowN":0,"Func":{"SyOu":"002B"}},{"ColN":0,"RowN":1,"Func":{"SyOu":"0028"}},{"ColN":1,"RowN":1,"Func":{"SyOu":"0029"}},{"ColN":2,"RowN":1,"Func":{"SyOu":"005F"}},{"ColN":3,"RowN":1,"Func":{"SyOu":"005E"}},{"ColN":0,"RowN":2,"Func":{"SyOu":"005B"}},{"ColN":1,"RowN":2,"Func":{"SyOu":"005D"}},{"ColN":2,"RowN":2,"Func":{"SyOu":"002D"}},{"ColN":3,"RowN":2,"Func":{"SyOu":"002A"}}]},"FTyp":5,"Symb":"5#F1990F1991","Outp":"5#F1990F1991"},{"JMID":2,"PopK":{"Rows":3,"Keys":[{"ColN":0,"RowN":0,"Func":{"SyOu":"5#F1990"}},{"ColN":1,"RowN":0,"Func":{"SyOu":"5#F1991"}},{"ColN":2,"RowN":0,"Func":{"SyOu":"5#F1992"}},{"ColN":3,"RowN":0,"Func":{"SyOu":"002B"}},{"ColN":0,"RowN":1,"Func":{"SyOu":"0028"}},{"ColN":1,"RowN":1,"Func":{"SyOu":"0029"}},{"ColN":2,"RowN":1,"Func":{"SyOu":"005F"}},{"ColN":3,"RowN":1,"Func":{"SyOu":"005E"}},{"ColN":0,"RowN":2,"Func":{"SyOu":"005B"}},{"ColN":1,"RowN":2,"Func":{"SyOu":"005D"}},{"ColN":2,"RowN":2,"Func":{"SyOu":"002D"}},{"ColN":3,"RowN":2,"Func":{"SyOu":"002A"}}]},"FTyp":5,"Symb":"5#F1990F1991","Outp":"5#F1990F1991"},{"JMID":11,"PopK":{"Rows":3,"Keys":[{"ColN":0,"RowN":0,"Func":{"SyOu":"5#F1990"}},{"ColN":1,"RowN":0,"Func":{"SyOu":"5#F1991"}},{"ColN":2,"RowN":0,"Func":{"SyOu":"5#F1992"}},{"ColN":3,"RowN":0,"Func":{"SyOu":"002B"}},{"ColN":0,"RowN":1,"Func":{"SyOu":"0028"}},{"ColN":1,"RowN":1,"Func":{"SyOu":"0029"}},{"ColN":2,"RowN":1,"Func":{"SyOu":"005F"}},{"ColN":3,"RowN":1,"Func":{"SyOu":"005E"}},{"ColN":0,"RowN":2,"Func":{"SyOu":"005B"}},{"ColN":1,"RowN":2,"Func":{"SyOu":"005D"}},{"ColN":2,"RowN":2,"Func":{"SyOu":"002D"}},{"ColN":3,"RowN":2,"Func":{"SyOu":"002A"}}]},"FTyp":5,"Symb":"5#F1990F1991","Outp":"5#F1990F1991"},{"JMID":3,"PopK":{"Rows":3,"Keys":[{"ColN":0,"RowN":0,"Func":{"SyOu":"5#F1990"}},{"ColN":1,"RowN":0,"Func":{"SyOu":"5#F1991"}},{"ColN":2,"RowN":0,"Func":{"SyOu":"5#F1992"}},{"ColN":3,"RowN":0,"Func":{"SyOu":"002B"}},{"ColN":0,"RowN":1,"Func":{"SyOu":"0028"}},{"ColN":1,"RowN":1,"Func":{"SyOu":"0029"}},{"ColN":2,"RowN":1,"Func":{"SyOu":"005F"}},{"ColN":3,"RowN":1,"Func":{"SyOu":"005E"}},{"ColN":0,"RowN":2,"Func":{"SyOu":"005B"}},{"ColN":1,"RowN":2,"Func":{"SyOu":"005D"}},{"ColN":2,"RowN":2,"Func":{"SyOu":"002D"}},{"ColN":3,"RowN":2,"Func":{"SyOu":"002A"}}]},"FTyp":5,"Symb":"5#F1990F1991","Outp":"5#F1990F1991"},{"JMID":12,"PopK":{"Rows":3,"Keys":[{"ColN":0,"RowN":0,"Func":{"SyOu":"5#F1990"}},{"ColN":1,"RowN":0,"Func":{"SyOu":"5#F1991"}},{"ColN":2,"RowN":0,"Func":{"SyOu":"5#F1992"}},{"ColN":3,"RowN":0,"Func":{"SyOu":"002B"}},{"ColN":0,"RowN":1,"Func":{"SyOu":"0028"}},{"ColN":1,"RowN":1,"Func":{"SyOu":"0029"}},{"ColN":2,"RowN":1,"Func":{"SyOu":"005F"}},{"ColN":3,"RowN":1,"Func":{"SyOu":"005E"}},{"ColN":0,"RowN":2,"Func":{"SyOu":"005B"}},{"ColN":1,"RowN":2,"Func":{"SyOu":"005D"}},{"ColN":2,"RowN":2,"Func":{"SyOu":"002D"}},{"ColN":3,"RowN":2,"Func":{"SyOu":"002A"}}]},"FTyp":5,"Symb":"5#F1990F1991","Outp":"5#F1990F1991"}],"FuHo":[{"JMID":14,"FTyp":0},{"JMID":10,"FTyp":0},{"JMID":15,"FTyp":0},{"JMID":0,"FTyp":0},{"JMID":5,"FTyp":0},{"JMID":8,"FTyp":0},{"JMID":9,"FTyp":0},{"JMID":1,"FTyp":0},{"JMID":13,"FTyp":0},{"JMID":7,"FTyp":0},{"JMID":4,"FTyp":0},{"JMID":6,"FTyp":0},{"JMID":2,"FTyp":0},{"JMID":11,"FTyp":0},{"JMID":3,"FTyp":0},{"JMID":12,"FTyp":0}]},{"ColN":3,"RowN":4,"FuPr":[{"JMID":14,"SyOu":"5#F1972"},{"JMID":10,"SyOu":"5#F1948"},{"JMID":15,"SyOu":"0031"},{"JMID":5,"SyOu":"5#F1914"},{"JMID":8,"SyOu":"5#F1986"},{"JMID":9,"SyOu":"5#F1944"},{"JMID":0,"FTyp":2,"Symb":"0061","Outp":"0061","TMod":"71cbb354-4040-4a54-9262-4271b08792f2","TJMI":1,"TDes":"43a7b472-804e-4d59-ae85-1eeb75d00d99","TJDI":0,"IsRe":true},{"JMID":1,"SyOu":"5#F1901"},{"JMID":13,"SyOu":"5#F196F"},{"JMID":7,"SyOu":"5#F1930"},{"JMID":6,"SyOu":"5#F1921"},{"JMID":4,"SyOu":"5#F1910"},{"JMID":2,"SyOu":"5#F190A"},{"JMID":11,"SyOu":"5#F1956"},{"JMID":3,"SyOu":"5#F190C"},{"JMID":12,"SyOu":"5#F1967"}]},{"ColN":4,"RowN":4,"FuPr":[{"JMID":14,"SyOu":"5#F1973"},{"JMID":10,"SyOu":"5#F19A0"},{"JMID":15,"SyOu":"0032"},{"JMID":5,"SyOu":"5#F1915"},{"JMID":8,"SyOu":"5#F1978"},{"JMID":9,"SyOu":"5#F197A"},{"JMID":0,"FTyp":2,"Symb":"0065","Outp":"0065","TMod":"4a04bcd6-b4c2-421c-94fa-f485df14c305","TJMI":2,"TDes":"43a7b472-804e-4d59-ae85-1eeb75d00d99","TJDI":0,"IsRe":true},{"JMID":1,"SyOu":"5#F1903"},{"JMID":13,"SyOu":"5#F1970"},{"JMID":7,"SyOu":"5#F19A2"},{"JMID":6,"SyOu":"5#F1985"},{"JMID":4,"SyOu":"5#F1911"},{"JMID":2,"SyOu":"5#F190B"},{"JMID":11,"SyOu":"5#F1957"},{"JMID":3,"SyOu":"5#F190D"},{"JMID":12,"SyOu":"5#F1968"}]},{"ColN":5,"RowN":4,"FuPr":[{"JMID":14,"SyOu":"5#F1974"},{"JMID":10,"SyOu":"5#F1949"},{"JMID":15,"SyOu":"0033"},{"JMID":5,"SyOu":"5#F1916"},{"JMID":8,"SyOu":"5#F193D"},{"JMID":9,"SyOu":"5#F1945"},{"JMID":0,"FTyp":2,"Symb":"0069","Outp":"0069","TMod":"4ce992a6-ef8c-474e-a7e3-5b7dbf206203","TJMI":3,"TDes":"43a7b472-804e-4d59-ae85-1eeb75d00d99","TJDI":0,"IsRe":true},{"JMID":1,"SyOu":"5#F1904"},{"JMID":13,"SyOu":"5#F1971"},{"JMID":7,"SyOu":"5#F1931"},{"JMID":6,"SyOu":"5#F1922"},{"JMID":4,"SyOu":"5#F197F"},{"JMID":2,"SyOu":"5#F1983"},{"JMID":11,"SyOu":"5#F1958"},{"JMID":3,"SyOu":"5#F190E"},{"JMID":12,"SyOu":"5#F1969"}]},{"ColN":6,"RowN":4,"FuPr":[{"JMID":14,"FTyp":2,"Symb":"0023","Outp":"0023","TMod":"8bfaeb01-4c3c-4044-b0c4-ad9c1b3f5ea2","TJMI":15,"TDes":"43a7b472-804e-4d59-ae85-1eeb75d00d99","TJDI":0,"IsRe":false},{"JMID":15,"FTyp":2,"Symb":"5#F196C","Outp":"5#F196C","TMod":"7ba99fa2-a685-46aa-8b64-a9f841665faa","TJMI":0,"TDes":"43a7b472-804e-4d59-ae85-1eeb75d00d99","TJDI":0,"IsRe":false},{"JMID":10,"FTyp":2,"Symb":"0023","Outp":"0023","TMod":"8bfaeb01-4c3c-4044-b0c4-ad9c1b3f5ea2","TJMI":15,"TDes":"43a7b472-804e-4d59-ae85-1eeb75d00d99","TJDI":0,"IsRe":false},{"JMID":0,"FTyp":2,"Symb":"0023","Outp":"0023","TMod":"8bfaeb01-4c3c-4044-b0c4-ad9c1b3f5ea2","TJMI":15,"TDes":"43a7b472-804e-4d59-ae85-1eeb75d00d99","TJDI":0,"IsRe":false},{"JMID":5,"FTyp":2,"Symb":"0023","Outp":"0023","TMod":"8bfaeb01-4c3c-4044-b0c4-ad9c1b3f5ea2","TJMI":15,"TDes":"43a7b472-804e-4d59-ae85-1eeb75d00d99","TJDI":0,"IsRe":false},{"JMID":8,"FTyp":2,"Symb":"0023","Outp":"0023","TMod":"8bfaeb01-4c3c-4044-b0c4-ad9c1b3f5ea2","TJMI":15,"TDes":"43a7b472-804e-4d59-ae85-1eeb75d00d99","TJDI":0,"IsRe":false},{"JMID":9,"FTyp":2,"Symb":"0023","Outp":"0023","TMod":"8bfaeb01-4c3c-4044-b0c4-ad9c1b3f5ea2","TJMI":15,"TDes":"43a7b472-804e-4d59-ae85-1eeb75d00d99","TJDI":0,"IsRe":false},{"JMID":1,"FTyp":2,"Symb":"0023","Outp":"0023","TMod":"8bfaeb01-4c3c-4044-b0c4-ad9c1b3f5ea2","TJMI":15,"TDes":"43a7b472-804e-4d59-ae85-1eeb75d00d99","TJDI":0,"IsRe":false},{"JMID":13,"FTyp":2,"Symb":"0023","Outp":"0023","TMod":"8bfaeb01-4c3c-4044-b0c4-ad9c1b3f5ea2","TJMI":15,"TDes":"43a7b472-804e-4d59-ae85-1eeb75d00d99","TJDI":0,"IsRe":false},{"JMID":7,"FTyp":2,"Symb":"0023","Outp":"0023","TMod":"8bfaeb01-4c3c-4044-b0c4-ad9c1b3f5ea2","TJMI":15,"TDes":"43a7b472-804e-4d59-ae85-1eeb75d00d99","TJDI":0,"IsRe":false},{"JMID":4,"FTyp":2,"Symb":"0023","Outp":"0023","TMod":"8bfaeb01-4c3c-4044-b0c4-ad9c1b3f5ea2","TJMI":15,"TDes":"43a7b472-804e-4d59-ae85-1eeb75d00d99","TJDI":0,"IsRe":false},{"JMID":6,"FTyp":2,"Symb":"0023","Outp":"0023","TMod":"8bfaeb01-4c3c-4044-b0c4-ad9c1b3f5ea2","TJMI":15,"TDes":"43a7b472-804e-4d59-ae85-1eeb75d00d99","TJDI":0,"IsRe":false},{"JMID":2,"FTyp":2,"Symb":"0023","Outp":"0023","TMod":"8bfaeb01-4c3c-4044-b0c4-ad9c1b3f5ea2","TJMI":15,"TDes":"43a7b472-804e-4d59-ae85-1eeb75d00d99","TJDI":0,"IsRe":false},{"JMID":11,"FTyp":2,"Symb":"0023","Outp":"0023","TMod":"8bfaeb01-4c3c-4044-b0c4-ad9c1b3f5ea2","TJMI":15,"TDes":"43a7b472-804e-4d59-ae85-1eeb75d00d99","TJDI":0,"IsRe":false},{"JMID":3,"FTyp":2,"Symb":"0023","Outp":"0023","TMod":"8bfaeb01-4c3c-4044-b0c4-ad9c1b3f5ea2","TJMI":15,"TDes":"43a7b472-804e-4d59-ae85-1eeb75d00d99","TJDI":0,"IsRe":false},{"JMID":12,"FTyp":2,"Symb":"0023","Outp":"0023","TMod":"8bfaeb01-4c3c-4044-b0c4-ad9c1b3f5ea2","TJMI":15,"TDes":"43a7b472-804e-4d59-ae85-1eeb75d00d99","TJDI":0,"IsRe":false}]}]}], "Export Version": 1.0, "Keyboard Author": "kulupu Mimuki", "Keyboard Name": "toki pona keyboard", "End": true}